{
  "v": "5.5.7",
  "meta": {
    "g": "LottieFiles AE 0.1.20",
    "a": "",
    "k": "",
    "d": "",
    "tc": ""
  },
  "fr": 30,
  "ip": 0,
  "op": 50,
  "w": 600,
  "h": 600,
  "nm": "output area",
  "ddd": 0,
  "assets": [
    {
      "id": "comp_0",
      "layers": [
        {
          "ddd": 0,
          "ind": 1,
          "ty": 0,
          "nm": "particle",
          "refId": "comp_1",
          "sr": 1,
          "ks": {
            "o": {
              "a": 0,
              "k": 100,
              "ix": 11
            },
            "r": {
              "a": 0,
              "k": 0,
              "ix": 10
            },
            "p": {
              "a": 1,
              "k": [
                {
                  "i": {
                    "x": 0.633,
                    "y": 0
                  },
                  "o": {
                    "x": 0.635,
                    "y": 0
                  },
                  "t": 28,
                  "s": [
                    1051.477,
                    483.5,
                    0
                  ],
                  "to": [
                    4,
                    -4,
                    0
                  ],
                  "ti": [
                    -4,
                    4,
                    0
                  ]
                },
                {
                  "t": 48,
                  "s": [
                    1075.477,
                    459.5,
                    0
                  ]
                }
              ],
              "ix": 2
            },
            "a": {
              "a": 0,
              "k": [
                960,
                540,
                0
              ],
              "ix": 1
            },
            "s": {
              "a": 0,
              "k": [
                24,
                24,
                100
              ],
              "ix": 6
            }
          },
          "ao": 0,
          "w": 1920,
          "h": 1080,
          "ip": 28,
          "op": 178,
          "st": 28,
          "bm": 0
        },
        {
          "ddd": 0,
          "ind": 2,
          "ty": 4,
          "nm": "check",
          "sr": 1,
          "ks": {
            "o": {
              "a": 0,
              "k": 100,
              "ix": 11
            },
            "r": {
              "a": 0,
              "k": 0,
              "ix": 10
            },
            "p": {
              "a": 0,
              "k": [
                947.977,
                541,
                0
              ],
              "ix": 2
            },
            "a": {
              "a": 0,
              "k": [
                0,
                0,
                0
              ],
              "ix": 1
            },
            "s": {
              "a": 0,
              "k": [
                100,
                100,
                100
              ],
              "ix": 6
            }
          },
          "ao": 0,
          "shapes": [
            {
              "ty": "gr",
              "it": [
                {
                  "ind": 0,
                  "ty": "sh",
                  "ix": 1,
                  "ks": {
                    "a": 0,
                    "k": {
                      "i": [
                        [
                          0,
                          0
                        ],
                        [
                          0,
                          0
                        ],
                        [
                          0,
                          0
                        ]
                      ],
                      "o": [
                        [
                          0,
                          0
                        ],
                        [
                          0,
                          0
                        ],
                        [
                          0,
                          0
                        ]
                      ],
                      "v": [
                        [
                          -60,
                          12
                        ],
                        [
                          -10.5,
                          61
                        ],
                        [
                          99,
                          -48.5
                        ]
                      ],
                      "c": false
                    },
                    "ix": 2
                  },
                  "nm": "Path 1",
                  "mn": "ADBE Vector Shape - Group",
                  "hd": false
                },
                {
                  "ty": "tm",
                  "s": {
                    "a": 0,
                    "k": 0,
                    "ix": 1
                  },
                  "e": {
                    "a": 1,
                    "k": [
                      {
                        "i": {
                          "x": [
                            0.667
                          ],
                          "y": [
                            1
                          ]
                        },
                        "o": {
                          "x": [
                            0.333
                          ],
                          "y": [
                            0
                          ]
                        },
                        "t": 18,
                        "s": [
                          0
                        ]
                      },
                      {
                        "i": {
                          "x": [
                            0.667
                          ],
                          "y": [
                            1
                          ]
                        },
                        "o": {
                          "x": [
                            0.333
                          ],
                          "y": [
                            0
                          ]
                        },
                        "t": 28,
                        "s": [
                          100
                        ]
                      },
                      {
                        "i": {
                          "x": [
                            0.667
                          ],
                          "y": [
                            1
                          ]
                        },
                        "o": {
                          "x": [
                            0.333
                          ],
                          "y": [
                            0
                          ]
                        },
                        "t": 31,
                        "s": [
                          84
                        ]
                      },
                      {
                        "i": {
                          "x": [
                            0.667
                          ],
                          "y": [
                            1
                          ]
                        },
                        "o": {
                          "x": [
                            0.333
                          ],
                          "y": [
                            0
                          ]
                        },
                        "t": 33,
                        "s": [
                          93
                        ]
                      },
                      {
                        "t": 35,
                        "s": [
                          90
                        ]
                      }
                    ],
                    "ix": 2
                  },
                  "o": {
                    "a": 0,
                    "k": 0,
                    "ix": 3
                  },
                  "m": 1,
                  "ix": 2,
                  "nm": "Trim Paths 1",
                  "mn": "ADBE Vector Filter - Trim",
                  "hd": false
                },
                {
                  "ty": "st",
                  "c": {
                    "a": 0,
                    "k": [
                      0,
                      0.733333349228,
                      0.047058828175,
                      1
                    ],
                    "ix": 3
                  },
                  "o": {
                    "a": 0,
                    "k": 100,
                    "ix": 4
                  },
                  "w": {
                    "a": 0,
                    "k": 28,
                    "ix": 5
                  },
                  "lc": 2,
                  "lj": 2,
                  "bm": 0,
                  "nm": "Stroke 1",
                  "mn": "ADBE Vector Graphic - Stroke",
                  "hd": false
                },
                {
                  "ty": "tr",
                  "p": {
                    "a": 0,
                    "k": [
                      0.5,
                      -4
                    ],
                    "ix": 2
                  },
                  "a": {
                    "a": 0,
                    "k": [
                      0,
                      0
                    ],
                    "ix": 1
                  },
                  "s": {
                    "a": 0,
                    "k": [
                      100,
                      100
                    ],
                    "ix": 3
                  },
                  "r": {
                    "a": 0,
                    "k": 0,
                    "ix": 6
                  },
                  "o": {
                    "a": 0,
                    "k": 100,
                    "ix": 7
                  },
                  "sk": {
                    "a": 0,
                    "k": 0,
                    "ix": 4
                  },
                  "sa": {
                    "a": 0,
                    "k": 0,
                    "ix": 5
                  },
                  "nm": "Transform"
                }
              ],
              "nm": "Shape 1",
              "np": 3,
              "cix": 2,
              "bm": 0,
              "ix": 1,
              "mn": "ADBE Vector Group",
              "hd": false
            }
          ],
          "ip": 0,
          "op": 150,
          "st": 0,
          "bm": 0
        },
        {
          "ddd": 0,
          "ind": 3,
          "ty": 4,
          "nm": "circle",
          "sr": 1,
          "ks": {
            "o": {
              "a": 0,
              "k": 100,
              "ix": 11
            },
            "r": {
              "a": 0,
              "k": 0,
              "ix": 10
            },
            "p": {
              "a": 0,
              "k": [
                960,
                540,
                0
              ],
              "ix": 2
            },
            "a": {
              "a": 0,
              "k": [
                0,
                0,
                0
              ],
              "ix": 1
            },
            "s": {
              "a": 0,
              "k": [
                100,
                100,
                100
              ],
              "ix": 6
            }
          },
          "ao": 0,
          "shapes": [
            {
              "ty": "gr",
              "it": [
                {
                  "ind": 0,
                  "ty": "sh",
                  "ix": 1,
                  "ks": {
                    "a": 0,
                    "k": {
                      "i": [
                        [
                          81.738,
                          0
                        ],
                        [
                          0,
                          -81.738
                        ],
                        [
                          -81.738,
                          0
                        ],
                        [
                          0,
                          81.738
                        ]
                      ],
                      "o": [
                        [
                          -81.738,
                          0
                        ],
                        [
                          0,
                          81.738
                        ],
                        [
                          81.738,
                          0
                        ],
                        [
                          0,
                          -81.738
                        ]
                      ],
                      "v": [
                        [
                          0,
                          -148
                        ],
                        [
                          -148,
                          0
                        ],
                        [
                          0,
                          148
                        ],
                        [
                          148,
                          0
                        ]
                      ],
                      "c": true
                    },
                    "ix": 2
                  },
                  "nm": "Path 1",
                  "mn": "ADBE Vector Shape - Group",
                  "hd": false
                },
                {
                  "ty": "tm",
                  "s": {
                    "a": 1,
                    "k": [
                      {
                        "i": {
                          "x": [
                            0.667
                          ],
                          "y": [
                            1
                          ]
                        },
                        "o": {
                          "x": [
                            0.333
                          ],
                          "y": [
                            0
                          ]
                        },
                        "t": 0,
                        "s": [
                          100
                        ]
                      },
                      {
                        "t": 18,
                        "s": [
                          0
                        ]
                      }
                    ],
                    "ix": 1
                  },
                  "e": {
                    "a": 0,
                    "k": 100,
                    "ix": 2
                  },
                  "o": {
                    "a": 0,
                    "k": 0,
                    "ix": 3
                  },
                  "m": 1,
                  "ix": 2,
                  "nm": "Trim Paths 1",
                  "mn": "ADBE Vector Filter - Trim",
                  "hd": false
                },
                {
                  "ty": "st",
                  "c": {
                    "a": 0,
                    "k": [
                      0,
                      0.733333349228,
                      0.04705882445,
                      1
                    ],
                    "ix": 3
                  },
                  "o": {
                    "a": 0,
                    "k": 100,
                    "ix": 4
                  },
                  "w": {
                    "a": 0,
                    "k": 28,
                    "ix": 5
                  },
                  "lc": 2,
                  "lj": 1,
                  "ml": 4,
                  "bm": 0,
                  "nm": "Stroke 1",
                  "mn": "ADBE Vector Graphic - Stroke",
                  "hd": false
                },
                {
                  "ty": "tr",
                  "p": {
                    "a": 0,
                    "k": [
                      0,
                      0
                    ],
                    "ix": 2
                  },
                  "a": {
                    "a": 0,
                    "k": [
                      0,
                      0
                    ],
                    "ix": 1
                  },
                  "s": {
                    "a": 0,
                    "k": [
                      100,
                      100
                    ],
                    "ix": 3
                  },
                  "r": {
                    "a": 0,
                    "k": -90,
                    "ix": 6
                  },
                  "o": {
                    "a": 0,
                    "k": 100,
                    "ix": 7
                  },
                  "sk": {
                    "a": 0,
                    "k": 0,
                    "ix": 4
                  },
                  "sa": {
                    "a": 0,
                    "k": 0,
                    "ix": 5
                  },
                  "nm": "Transform"
                }
              ],
              "nm": "Ellipse 1",
              "np": 3,
              "cix": 2,
              "bm": 0,
              "ix": 1,
              "mn": "ADBE Vector Group",
              "hd": false
            }
          ],
          "ip": 0,
          "op": 150,
          "st": 0,
          "bm": 0
        }
      ]
    },
    {
      "id": "comp_1",
      "layers": [
        {
          "ddd": 0,
          "ind": 1,
          "ty": 4,
          "nm": "particle",
          "sr": 1,
          "ks": {
            "o": {
              "a": 1,
              "k": [
                {
                  "i": {
                    "x": [
                      0.833
                    ],
                    "y": [
                      0.833
                    ]
                  },
                  "o": {
                    "x": [
                      0.167
                    ],
                    "y": [
                      0.167
                    ]
                  },
                  "t": 8,
                  "s": [
                    100
                  ]
                },
                {
                  "t": 20,
                  "s": [
                    0
                  ]
                }
              ],
              "ix": 11
            },
            "r": {
              "a": 0,
              "k": 0,
              "ix": 10
            },
            "p": {
              "a": 0,
              "k": [
                960,
                540,
                0
              ],
              "ix": 2
            },
            "a": {
              "a": 0,
              "k": [
                0,
                0,
                0
              ],
              "ix": 1
            },
            "s": {
              "a": 0,
              "k": [
                100,
                100,
                100
              ],
              "ix": 6
            }
          },
          "ao": 0,
          "shapes": [
            {
              "d": 1,
              "ty": "el",
              "s": {
                "a": 0,
                "k": [
                  100,
                  100
                ],
                "ix": 2
              },
              "p": {
                "a": 1,
                "k": [
                  {
                    "i": {
                      "x": 0,
                      "y": 1
                    },
                    "o": {
                      "x": 0,
                      "y": 0.001
                    },
                    "t": 0,
                    "s": [
                      0,
                      0
                    ],
                    "to": [
                      47.5,
                      0
                    ],
                    "ti": [
                      -47.5,
                      0
                    ]
                  },
                  {
                    "t": 15,
                    "s": [
                      285,
                      0
                    ]
                  }
                ],
                "ix": 3
              },
              "nm": "Ellipse Path 1",
              "mn": "ADBE Vector Shape - Ellipse",
              "hd": false
            },
            {
              "ty": "fl",
              "c": {
                "a": 0,
                "k": [
                  0.215686261654,
                  1,
                  0.266016542912,
                  1
                ],
                "ix": 4
              },
              "o": {
                "a": 0,
                "k": 100,
                "ix": 5
              },
              "r": 1,
              "bm": 0,
              "nm": "Fill 1",
              "mn": "ADBE Vector Graphic - Fill",
              "hd": false
            },
            {
              "ty": "rp",
              "c": {
                "a": 0,
                "k": 8,
                "ix": 1
              },
              "o": {
                "a": 0,
                "k": 0,
                "ix": 2
              },
              "m": 1,
              "ix": 4,
              "tr": {
                "ty": "tr",
                "p": {
                  "a": 0,
                  "k": [
                    0,
                    0
                  ],
                  "ix": 2
                },
                "a": {
                  "a": 0,
                  "k": [
                    0,
                    0
                  ],
                  "ix": 1
                },
                "s": {
                  "a": 0,
                  "k": [
                    100,
                    100
                  ],
                  "ix": 3
                },
                "r": {
                  "a": 0,
                  "k": 45,
                  "ix": 4
                },
                "so": {
                  "a": 0,
                  "k": 100,
                  "ix": 5
                },
                "eo": {
                  "a": 0,
                  "k": 100,
                  "ix": 6
                },
                "nm": "Transform"
              },
              "nm": "Repeater 1",
              "mn": "ADBE Vector Filter - Repeater",
              "hd": false
            }
          ],
          "ip": 0,
          "op": 150,
          "st": 0,
          "bm": 0
        }
      ]
    }
  ],
  "layers": [
    {
      "ddd": 0,
      "ind": 1,
      "ty": 0,
      "nm": "main",
      "refId": "comp_0",
      "sr": 1,
      "ks": {
        "o": {
          "a": 0,
          "k": 100,
          "ix": 11
        },
        "r": {
          "a": 0,
          "k": 0,
          "ix": 10
        },
        "p": {
          "a": 0,
          "k": [
            300,
            300,
            0
          ],
          "ix": 2
        },
        "a": {
          "a": 0,
          "k": [
            960,
            540,
            0
          ],
          "ix": 1
        },
        "s": {
          "a": 0,
          "k": [
            142,
            142,
            100
          ],
          "ix": 6
        }
      },
      "ao": 0,
      "w": 1920,
      "h": 1080,
      "ip": 0,
      "op": 150,
      "st": 0,
      "bm": 0
    }
  ],
  "markers": []
}