{
  "v": "5.5.7",
  "meta": {
    "g": "LottieFiles AE 0.1.20",
    "a": "",
    "k": "",
    "d": "",
    "tc": ""
  },
  "fr": 60,
  "ip": 0,
  "op": 180,
  "w": 455,
  "h": 455,
  "nm": "Switch",
  "ddd": 0,
  "assets": [],
  "layers": [
    {
      "ddd": 0,
      "ind": 1,
      "ty": 4,
      "nm": "moon Outlines",
      "parent": 3,
      "sr": 1,
      "ks": {
        "o": {
          "a": 1,
          "k": [
            {
              "i": {
                "x": [
                  0.667
                ],
                "y": [
                  1
                ]
              },
              "o": {
                "x": [
                  0.333
                ],
                "y": [
                  0
                ]
              },
              "t": 25,
              "s": [
                0
              ]
            },
            {
              "i": {
                "x": [
                  0.667
                ],
                "y": [
                  1
                ]
              },
              "o": {
                "x": [
                  0.333
                ],
                "y": [
                  0
                ]
              },
              "t": 49,
              "s": [
                100
              ]
            },
            {
              "i": {
                "x": [
                  0.667
                ],
                "y": [
                  1
                ]
              },
              "o": {
                "x": [
                  0.333
                ],
                "y": [
                  0
                ]
              },
              "t": 105,
              "s": [
                100
              ]
            },
            {
              "t": 135,
              "s": [
                0
              ]
            }
          ],
          "ix": 11
        },
        "r": {
          "a": 0,
          "k": 0,
          "ix": 10
        },
        "p": {
          "a": 0,
          "k": [
            4.787,
            -1.064,
            0
          ],
          "ix": 2
        },
        "a": {
          "a": 0,
          "k": [
            116.05,
            116.011,
            0
          ],
          "ix": 1
        },
        "s": {
          "a": 1,
          "k": [
            {
              "i": {
                "x": [
                  0.667,
                  0.667,
                  0.667
                ],
                "y": [
                  1,
                  1,
                  1
                ]
              },
              "o": {
                "x": [
                  0.333,
                  0.333,
                  0.333
                ],
                "y": [
                  0,
                  0,
                  0
                ]
              },
              "t": 25,
              "s": [
                0,
                0,
                100
              ]
            },
            {
              "i": {
                "x": [
                  0.667,
                  0.667,
                  0.667
                ],
                "y": [
                  1,
                  1,
                  1
                ]
              },
              "o": {
                "x": [
                  0.333,
                  0.333,
                  0.333
                ],
                "y": [
                  0,
                  0,
                  0
                ]
              },
              "t": 49,
              "s": [
                39.362,
                39.362,
                100
              ]
            },
            {
              "i": {
                "x": [
                  0.667,
                  0.667,
                  0.667
                ],
                "y": [
                  1,
                  1,
                  1
                ]
              },
              "o": {
                "x": [
                  0.333,
                  0.333,
                  0.333
                ],
                "y": [
                  0,
                  0,
                  0
                ]
              },
              "t": 105,
              "s": [
                39.362,
                39.362,
                100
              ]
            },
            {
              "t": 135,
              "s": [
                0,
                0,
                100
              ]
            }
          ],
          "ix": 6
        }
      },
      "ao": 0,
      "shapes": [
        {
          "ty": "gr",
          "it": [
            {
              "ind": 0,
              "ty": "sh",
              "ix": 1,
              "ks": {
                "a": 0,
                "k": {
                  "i": [
                    [
                      12.135,
                      -9.471
                    ],
                    [
                      23.975,
                      0
                    ],
                    [
                      18.351,
                      18.35
                    ],
                    [
                      0,
                      28.117
                    ],
                    [
                      -13.319,
                      17.167
                    ],
                    [
                      -13.319,
                      6.808
                    ],
                    [
                      1.184,
                      -3.551
                    ],
                    [
                      0,
                      -11.839
                    ],
                    [
                      -18.35,
                      -18.351
                    ],
                    [
                      -28.117,
                      0
                    ],
                    [
                      -10.951,
                      4.143
                    ],
                    [
                      -3.552,
                      1.776
                    ]
                  ],
                  "o": [
                    [
                      -17.167,
                      13.615
                    ],
                    [
                      -28.118,
                      0
                    ],
                    [
                      -18.35,
                      -18.351
                    ],
                    [
                      0,
                      -23.382
                    ],
                    [
                      9.175,
                      -11.839
                    ],
                    [
                      -1.48,
                      3.256
                    ],
                    [
                      -3.847,
                      10.656
                    ],
                    [
                      0,
                      28.117
                    ],
                    [
                      18.351,
                      18.35
                    ],
                    [
                      12.432,
                      0
                    ],
                    [
                      3.847,
                      -1.48
                    ],
                    [
                      -7.104,
                      13.615
                    ]
                  ],
                  "v": [
                    [
                      64.523,
                      77.989
                    ],
                    [
                      1.48,
                      99.891
                    ],
                    [
                      -70.442,
                      69.998
                    ],
                    [
                      -100.335,
                      -1.924
                    ],
                    [
                      -79.321,
                      -63.783
                    ],
                    [
                      -45.284,
                      -92.197
                    ],
                    [
                      -49.428,
                      -82.134
                    ],
                    [
                      -55.051,
                      -48.392
                    ],
                    [
                      -25.158,
                      23.826
                    ],
                    [
                      47.06,
                      53.719
                    ],
                    [
                      82.282,
                      47.504
                    ],
                    [
                      93.529,
                      42.768
                    ]
                  ],
                  "c": true
                },
                "ix": 2
              },
              "nm": "Path 1",
              "mn": "ADBE Vector Shape - Group",
              "hd": false
            },
            {
              "ind": 1,
              "ty": "sh",
              "ix": 2,
              "ks": {
                "a": 0,
                "k": {
                  "i": [
                    [
                      4.144,
                      0.887
                    ],
                    [
                      2.072,
                      -1.479
                    ],
                    [
                      9.767,
                      -3.552
                    ],
                    [
                      10.655,
                      0
                    ],
                    [
                      15.686,
                      15.686
                    ],
                    [
                      0,
                      23.973
                    ],
                    [
                      -2.96,
                      8.879
                    ],
                    [
                      -6.215,
                      7.4
                    ],
                    [
                      3.256,
                      2.663
                    ],
                    [
                      2.367,
                      -0.592
                    ],
                    [
                      15.687,
                      -20.127
                    ],
                    [
                      0,
                      -26.934
                    ],
                    [
                      -21.31,
                      -21.311
                    ],
                    [
                      -32.261,
                      0
                    ],
                    [
                      -20.126,
                      15.686
                    ],
                    [
                      -6.214,
                      26.046
                    ]
                  ],
                  "o": [
                    [
                      -2.368,
                      -0.592
                    ],
                    [
                      -7.696,
                      6.512
                    ],
                    [
                      -9.175,
                      3.551
                    ],
                    [
                      -23.973,
                      0
                    ],
                    [
                      -15.687,
                      -15.687
                    ],
                    [
                      0,
                      -10.064
                    ],
                    [
                      3.256,
                      -9.471
                    ],
                    [
                      2.664,
                      -3.256
                    ],
                    [
                      -2.072,
                      -1.48
                    ],
                    [
                      -25.158,
                      6.808
                    ],
                    [
                      -15.095,
                      19.83
                    ],
                    [
                      0,
                      32.262
                    ],
                    [
                      21.31,
                      21.31
                    ],
                    [
                      27.23,
                      0
                    ],
                    [
                      20.423,
                      -15.984
                    ],
                    [
                      1.481,
                      -4.439
                    ]
                  ],
                  "v": [
                    [
                      109.807,
                      16.131
                    ],
                    [
                      103,
                      17.61
                    ],
                    [
                      76.658,
                      33.001
                    ],
                    [
                      46.764,
                      38.329
                    ],
                    [
                      -14.798,
                      12.875
                    ],
                    [
                      -40.252,
                      -48.688
                    ],
                    [
                      -35.517,
                      -77.398
                    ],
                    [
                      -21.311,
                      -102.852
                    ],
                    [
                      -22.494,
                      -113.507
                    ],
                    [
                      -29.301,
                      -114.987
                    ],
                    [
                      -92.048,
                      -72.958
                    ],
                    [
                      -116.318,
                      -1.628
                    ],
                    [
                      -81.985,
                      81.245
                    ],
                    [
                      0.888,
                      115.578
                    ],
                    [
                      73.402,
                      90.421
                    ],
                    [
                      114.838,
                      25.601
                    ]
                  ],
                  "c": true
                },
                "ix": 2
              },
              "nm": "Path 2",
              "mn": "ADBE Vector Shape - Group",
              "hd": false
            },
            {
              "ty": "mm",
              "mm": 1,
              "nm": "Merge Paths 1",
              "mn": "ADBE Vector Filter - Merge",
              "hd": false
            },
            {
              "ty": "fl",
              "c": {
                "a": 0,
                "k": [
                  0.182852756276,
                  0.20896395515,
                  0.321568627451,
                  1
                ],
                "ix": 4
              },
              "o": {
                "a": 0,
                "k": 100,
                "ix": 5
              },
              "r": 1,
              "bm": 0,
              "nm": "Fill 1",
              "mn": "ADBE Vector Graphic - Fill",
              "hd": false
            },
            {
              "ty": "tr",
              "p": {
                "a": 0,
                "k": [
                  116.568,
                  115.829
                ],
                "ix": 2
              },
              "a": {
                "a": 0,
                "k": [
                  0,
                  0
                ],
                "ix": 1
              },
              "s": {
                "a": 0,
                "k": [
                  100,
                  100
                ],
                "ix": 3
              },
              "r": {
                "a": 0,
                "k": 0,
                "ix": 6
              },
              "o": {
                "a": 0,
                "k": 100,
                "ix": 7
              },
              "sk": {
                "a": 0,
                "k": 0,
                "ix": 4
              },
              "sa": {
                "a": 0,
                "k": 0,
                "ix": 5
              },
              "nm": "Transform"
            }
          ],
          "nm": "Group 1",
          "np": 4,
          "cix": 2,
          "bm": 0,
          "ix": 1,
          "mn": "ADBE Vector Group",
          "hd": false
        }
      ],
      "ip": 0,
      "op": 180,
      "st": 0,
      "bm": 0
    },
    {
      "ddd": 0,
      "ind": 2,
      "ty": 4,
      "nm": "sun Outlines",
      "parent": 3,
      "sr": 1,
      "ks": {
        "o": {
          "a": 1,
          "k": [
            {
              "i": {
                "x": [
                  0.667
                ],
                "y": [
                  1
                ]
              },
              "o": {
                "x": [
                  0.333
                ],
                "y": [
                  0
                ]
              },
              "t": 14,
              "s": [
                100
              ]
            },
            {
              "i": {
                "x": [
                  0.667
                ],
                "y": [
                  1
                ]
              },
              "o": {
                "x": [
                  0.333
                ],
                "y": [
                  0
                ]
              },
              "t": 38,
              "s": [
                0
              ]
            },
            {
              "i": {
                "x": [
                  0.667
                ],
                "y": [
                  1
                ]
              },
              "o": {
                "x": [
                  0.333
                ],
                "y": [
                  0
                ]
              },
              "t": 111,
              "s": [
                0
              ]
            },
            {
              "t": 135,
              "s": [
                100
              ]
            }
          ],
          "ix": 11
        },
        "r": {
          "a": 1,
          "k": [
            {
              "i": {
                "x": [
                  0.833
                ],
                "y": [
                  1
                ]
              },
              "o": {
                "x": [
                  0.333
                ],
                "y": [
                  0
                ]
              },
              "t": 14,
              "s": [
                0
              ]
            },
            {
              "i": {
                "x": [
                  0.833
                ],
                "y": [
                  1
                ]
              },
              "o": {
                "x": [
                  0.167
                ],
                "y": [
                  0
                ]
              },
              "t": 28,
              "s": [
                90
              ]
            },
            {
              "i": {
                "x": [
                  0.833
                ],
                "y": [
                  1
                ]
              },
              "o": {
                "x": [
                  0.167
                ],
                "y": [
                  0
                ]
              },
              "t": 44,
              "s": [
                0
              ]
            },
            {
              "i": {
                "x": [
                  0.833
                ],
                "y": [
                  1
                ]
              },
              "o": {
                "x": [
                  0.167
                ],
                "y": [
                  0
                ]
              },
              "t": 111,
              "s": [
                0
              ]
            },
            {
              "i": {
                "x": [
                  0.667
                ],
                "y": [
                  1
                ]
              },
              "o": {
                "x": [
                  0.167
                ],
                "y": [
                  0
                ]
              },
              "t": 117,
              "s": [
                -90
              ]
            },
            {
              "t": 135,
              "s": [
                0
              ]
            }
          ],
          "ix": 10
        },
        "p": {
          "a": 0,
          "k": [
            0.532,
            3.191,
            0
          ],
          "ix": 2
        },
        "a": {
          "a": 0,
          "k": [
            151.45,
            151.45,
            0
          ],
          "ix": 1
        },
        "s": {
          "a": 1,
          "k": [
            {
              "i": {
                "x": [
                  0.667,
                  0.667,
                  0.667
                ],
                "y": [
                  1,
                  1,
                  1
                ]
              },
              "o": {
                "x": [
                  0.333,
                  0.333,
                  0.333
                ],
                "y": [
                  0,
                  0,
                  0
                ]
              },
              "t": 14,
              "s": [
                39.362,
                39.362,
                100
              ]
            },
            {
              "i": {
                "x": [
                  0.667,
                  0.667,
                  0.667
                ],
                "y": [
                  1,
                  1,
                  1
                ]
              },
              "o": {
                "x": [
                  0.333,
                  0.333,
                  0.333
                ],
                "y": [
                  0,
                  0,
                  0
                ]
              },
              "t": 38,
              "s": [
                0,
                0,
                100
              ]
            },
            {
              "i": {
                "x": [
                  0.667,
                  0.667,
                  0.667
                ],
                "y": [
                  1,
                  1,
                  1
                ]
              },
              "o": {
                "x": [
                  0.333,
                  0.333,
                  0.333
                ],
                "y": [
                  0,
                  0,
                  0
                ]
              },
              "t": 111,
              "s": [
                0,
                0,
                100
              ]
            },
            {
              "t": 135,
              "s": [
                39.362,
                39.362,
                100
              ]
            }
          ],
          "ix": 6
        }
      },
      "ao": 0,
      "shapes": [
        {
          "ty": "gr",
          "it": [
            {
              "ind": 0,
              "ty": "sh",
              "ix": 1,
              "ks": {
                "a": 0,
                "k": {
                  "i": [
                    [
                      4,
                      4
                    ],
                    [
                      0,
                      0
                    ],
                    [
                      4,
                      -4
                    ],
                    [
                      -4,
                      -4
                    ],
                    [
                      0,
                      0
                    ],
                    [
                      -4,
                      4
                    ]
                  ],
                  "o": [
                    [
                      0,
                      0
                    ],
                    [
                      -4,
                      -4
                    ],
                    [
                      -4,
                      4
                    ],
                    [
                      0,
                      0
                    ],
                    [
                      4,
                      4
                    ],
                    [
                      4,
                      -4
                    ]
                  ],
                  "v": [
                    [
                      18.2,
                      3.8
                    ],
                    [
                      -3.8,
                      -18.2
                    ],
                    [
                      -18.2,
                      -18.2
                    ],
                    [
                      -18.2,
                      -3.8
                    ],
                    [
                      3.8,
                      18.2
                    ],
                    [
                      18.2,
                      18.2
                    ]
                  ],
                  "c": true
                },
                "ix": 2
              },
              "nm": "Path 1",
              "mn": "ADBE Vector Shape - Group",
              "hd": false
            },
            {
              "ty": "fl",
              "c": {
                "a": 0,
                "k": [
                  0.713725490196,
                  0.25575576483,
                  0.075570933024,
                  1
                ],
                "ix": 4
              },
              "o": {
                "a": 0,
                "k": 100,
                "ix": 5
              },
              "r": 1,
              "bm": 0,
              "nm": "Fill 1",
              "mn": "ADBE Vector Graphic - Fill",
              "hd": false
            },
            {
              "ty": "tr",
              "p": {
                "a": 0,
                "k": [
                  62.45,
                  62.85
                ],
                "ix": 2
              },
              "a": {
                "a": 0,
                "k": [
                  0,
                  0
                ],
                "ix": 1
              },
              "s": {
                "a": 0,
                "k": [
                  100,
                  100
                ],
                "ix": 3
              },
              "r": {
                "a": 0,
                "k": 0,
                "ix": 6
              },
              "o": {
                "a": 0,
                "k": 100,
                "ix": 7
              },
              "sk": {
                "a": 0,
                "k": 0,
                "ix": 4
              },
              "sa": {
                "a": 0,
                "k": 0,
                "ix": 5
              },
              "nm": "Transform"
            }
          ],
          "nm": "Group 1",
          "np": 2,
          "cix": 2,
          "bm": 0,
          "ix": 1,
          "mn": "ADBE Vector Group",
          "hd": false
        },
        {
          "ty": "gr",
          "it": [
            {
              "ind": 0,
              "ty": "sh",
              "ix": 1,
              "ks": {
                "a": 0,
                "k": {
                  "i": [
                    [
                      4,
                      4
                    ],
                    [
                      4,
                      -4
                    ],
                    [
                      0,
                      0
                    ],
                    [
                      -4,
                      -4
                    ],
                    [
                      -4,
                      4
                    ],
                    [
                      0,
                      0
                    ]
                  ],
                  "o": [
                    [
                      -3.6,
                      -4
                    ],
                    [
                      0,
                      0
                    ],
                    [
                      -4,
                      4
                    ],
                    [
                      4,
                      4
                    ],
                    [
                      0,
                      0
                    ],
                    [
                      4,
                      -4
                    ]
                  ],
                  "v": [
                    [
                      18.2,
                      -18.2
                    ],
                    [
                      3.8,
                      -18.2
                    ],
                    [
                      -18.2,
                      3.8
                    ],
                    [
                      -18.2,
                      18.2
                    ],
                    [
                      -3.8,
                      18.2
                    ],
                    [
                      18.2,
                      -3.8
                    ]
                  ],
                  "c": true
                },
                "ix": 2
              },
              "nm": "Path 1",
              "mn": "ADBE Vector Shape - Group",
              "hd": false
            },
            {
              "ty": "fl",
              "c": {
                "a": 0,
                "k": [
                  0.713725490196,
                  0.25575576483,
                  0.075570933024,
                  1
                ],
                "ix": 4
              },
              "o": {
                "a": 0,
                "k": 100,
                "ix": 5
              },
              "r": 1,
              "bm": 0,
              "nm": "Fill 1",
              "mn": "ADBE Vector Graphic - Fill",
              "hd": false
            },
            {
              "ty": "tr",
              "p": {
                "a": 0,
                "k": [
                  62.45,
                  240.05
                ],
                "ix": 2
              },
              "a": {
                "a": 0,
                "k": [
                  0,
                  0
                ],
                "ix": 1
              },
              "s": {
                "a": 0,
                "k": [
                  100,
                  100
                ],
                "ix": 3
              },
              "r": {
                "a": 0,
                "k": 0,
                "ix": 6
              },
              "o": {
                "a": 0,
                "k": 100,
                "ix": 7
              },
              "sk": {
                "a": 0,
                "k": 0,
                "ix": 4
              },
              "sa": {
                "a": 0,
                "k": 0,
                "ix": 5
              },
              "nm": "Transform"
            }
          ],
          "nm": "Group 2",
          "np": 2,
          "cix": 2,
          "bm": 0,
          "ix": 2,
          "mn": "ADBE Vector Group",
          "hd": false
        },
        {
          "ty": "gr",
          "it": [
            {
              "ind": 0,
              "ty": "sh",
              "ix": 1,
              "ks": {
                "a": 0,
                "k": {
                  "i": [
                    [
                      5.6,
                      0
                    ],
                    [
                      0,
                      0
                    ],
                    [
                      0,
                      -5.6
                    ],
                    [
                      -6,
                      0
                    ],
                    [
                      0,
                      0
                    ],
                    [
                      0,
                      5.6
                    ]
                  ],
                  "o": [
                    [
                      0,
                      0
                    ],
                    [
                      -5.6,
                      0
                    ],
                    [
                      0,
                      5.6
                    ],
                    [
                      0,
                      0
                    ],
                    [
                      5.6,
                      0
                    ],
                    [
                      0,
                      -5.6
                    ]
                  ],
                  "v": [
                    [
                      15.4,
                      -10.4
                    ],
                    [
                      -15.4,
                      -10.4
                    ],
                    [
                      -25.8,
                      0
                    ],
                    [
                      -15.4,
                      10.4
                    ],
                    [
                      15.4,
                      10.4
                    ],
                    [
                      25.8,
                      0
                    ]
                  ],
                  "c": true
                },
                "ix": 2
              },
              "nm": "Path 1",
              "mn": "ADBE Vector Shape - Group",
              "hd": false
            },
            {
              "ty": "fl",
              "c": {
                "a": 0,
                "k": [
                  0.713725490196,
                  0.25575576483,
                  0.075570933024,
                  1
                ],
                "ix": 4
              },
              "o": {
                "a": 0,
                "k": 100,
                "ix": 5
              },
              "r": 1,
              "bm": 0,
              "nm": "Fill 1",
              "mn": "ADBE Vector Graphic - Fill",
              "hd": false
            },
            {
              "ty": "tr",
              "p": {
                "a": 0,
                "k": [
                  26.05,
                  151.45
                ],
                "ix": 2
              },
              "a": {
                "a": 0,
                "k": [
                  0,
                  0
                ],
                "ix": 1
              },
              "s": {
                "a": 0,
                "k": [
                  100,
                  100
                ],
                "ix": 3
              },
              "r": {
                "a": 0,
                "k": 0,
                "ix": 6
              },
              "o": {
                "a": 0,
                "k": 100,
                "ix": 7
              },
              "sk": {
                "a": 0,
                "k": 0,
                "ix": 4
              },
              "sa": {
                "a": 0,
                "k": 0,
                "ix": 5
              },
              "nm": "Transform"
            }
          ],
          "nm": "Group 3",
          "np": 2,
          "cix": 2,
          "bm": 0,
          "ix": 3,
          "mn": "ADBE Vector Group",
          "hd": false
        },
        {
          "ty": "gr",
          "it": [
            {
              "ind": 0,
              "ty": "sh",
              "ix": 1,
              "ks": {
                "a": 0,
                "k": {
                  "i": [
                    [
                      4,
                      4
                    ],
                    [
                      4,
                      -4
                    ],
                    [
                      0,
                      0
                    ],
                    [
                      -4,
                      -4
                    ],
                    [
                      -4,
                      4
                    ],
                    [
                      0,
                      0
                    ]
                  ],
                  "o": [
                    [
                      -4,
                      -4
                    ],
                    [
                      0,
                      0
                    ],
                    [
                      -4,
                      4
                    ],
                    [
                      3.599,
                      4
                    ],
                    [
                      0,
                      0
                    ],
                    [
                      4,
                      -4
                    ]
                  ],
                  "v": [
                    [
                      18.2,
                      -18.2
                    ],
                    [
                      3.8,
                      -18.2
                    ],
                    [
                      -18.2,
                      3.8
                    ],
                    [
                      -18.2,
                      18.2
                    ],
                    [
                      -3.8,
                      18.2
                    ],
                    [
                      18.2,
                      -3.8
                    ]
                  ],
                  "c": true
                },
                "ix": 2
              },
              "nm": "Path 1",
              "mn": "ADBE Vector Shape - Group",
              "hd": false
            },
            {
              "ty": "fl",
              "c": {
                "a": 0,
                "k": [
                  0.713725490196,
                  0.25575576483,
                  0.075570933024,
                  1
                ],
                "ix": 4
              },
              "o": {
                "a": 0,
                "k": 100,
                "ix": 5
              },
              "r": 1,
              "bm": 0,
              "nm": "Fill 1",
              "mn": "ADBE Vector Graphic - Fill",
              "hd": false
            },
            {
              "ty": "tr",
              "p": {
                "a": 0,
                "k": [
                  240.45,
                  62.85
                ],
                "ix": 2
              },
              "a": {
                "a": 0,
                "k": [
                  0,
                  0
                ],
                "ix": 1
              },
              "s": {
                "a": 0,
                "k": [
                  100,
                  100
                ],
                "ix": 3
              },
              "r": {
                "a": 0,
                "k": 0,
                "ix": 6
              },
              "o": {
                "a": 0,
                "k": 100,
                "ix": 7
              },
              "sk": {
                "a": 0,
                "k": 0,
                "ix": 4
              },
              "sa": {
                "a": 0,
                "k": 0,
                "ix": 5
              },
              "nm": "Transform"
            }
          ],
          "nm": "Group 4",
          "np": 2,
          "cix": 2,
          "bm": 0,
          "ix": 4,
          "mn": "ADBE Vector Group",
          "hd": false
        },
        {
          "ty": "gr",
          "it": [
            {
              "ind": 0,
              "ty": "sh",
              "ix": 1,
              "ks": {
                "a": 0,
                "k": {
                  "i": [
                    [
                      5.6,
                      0
                    ],
                    [
                      0,
                      -5.6
                    ],
                    [
                      0,
                      0
                    ],
                    [
                      -5.6,
                      0
                    ],
                    [
                      0,
                      5.6
                    ],
                    [
                      0,
                      0
                    ]
                  ],
                  "o": [
                    [
                      -5.6,
                      0
                    ],
                    [
                      0,
                      0
                    ],
                    [
                      0,
                      5.6
                    ],
                    [
                      5.6,
                      0
                    ],
                    [
                      0,
                      0
                    ],
                    [
                      0,
                      -5.6
                    ]
                  ],
                  "v": [
                    [
                      0.001,
                      -25.8
                    ],
                    [
                      -10.4,
                      -15.4
                    ],
                    [
                      -10.4,
                      15.4
                    ],
                    [
                      0.001,
                      25.8
                    ],
                    [
                      10.399,
                      15.4
                    ],
                    [
                      10.399,
                      -15.4
                    ]
                  ],
                  "c": true
                },
                "ix": 2
              },
              "nm": "Path 1",
              "mn": "ADBE Vector Shape - Group",
              "hd": false
            },
            {
              "ty": "fl",
              "c": {
                "a": 0,
                "k": [
                  0.713725490196,
                  0.25575576483,
                  0.075570933024,
                  1
                ],
                "ix": 4
              },
              "o": {
                "a": 0,
                "k": 100,
                "ix": 5
              },
              "r": 1,
              "bm": 0,
              "nm": "Fill 1",
              "mn": "ADBE Vector Graphic - Fill",
              "hd": false
            },
            {
              "ty": "tr",
              "p": {
                "a": 0,
                "k": [
                  151.449,
                  26.05
                ],
                "ix": 2
              },
              "a": {
                "a": 0,
                "k": [
                  0,
                  0
                ],
                "ix": 1
              },
              "s": {
                "a": 0,
                "k": [
                  100,
                  100
                ],
                "ix": 3
              },
              "r": {
                "a": 0,
                "k": 0,
                "ix": 6
              },
              "o": {
                "a": 0,
                "k": 100,
                "ix": 7
              },
              "sk": {
                "a": 0,
                "k": 0,
                "ix": 4
              },
              "sa": {
                "a": 0,
                "k": 0,
                "ix": 5
              },
              "nm": "Transform"
            }
          ],
          "nm": "Group 5",
          "np": 2,
          "cix": 2,
          "bm": 0,
          "ix": 5,
          "mn": "ADBE Vector Group",
          "hd": false
        },
        {
          "ty": "gr",
          "it": [
            {
              "ind": 0,
              "ty": "sh",
              "ix": 1,
              "ks": {
                "a": 0,
                "k": {
                  "i": [
                    [
                      4,
                      4
                    ],
                    [
                      0,
                      0
                    ],
                    [
                      4,
                      -4
                    ],
                    [
                      -4,
                      -4
                    ],
                    [
                      0,
                      0
                    ],
                    [
                      -4,
                      4
                    ]
                  ],
                  "o": [
                    [
                      0,
                      0
                    ],
                    [
                      -3.6,
                      -4
                    ],
                    [
                      -4,
                      4
                    ],
                    [
                      0,
                      0
                    ],
                    [
                      4,
                      4
                    ],
                    [
                      4,
                      -4
                    ]
                  ],
                  "v": [
                    [
                      18.2,
                      3.8
                    ],
                    [
                      -3.8,
                      -18.2
                    ],
                    [
                      -18.2,
                      -18.2
                    ],
                    [
                      -18.2,
                      -3.8
                    ],
                    [
                      3.8,
                      18.2
                    ],
                    [
                      18.2,
                      18.2
                    ]
                  ],
                  "c": true
                },
                "ix": 2
              },
              "nm": "Path 1",
              "mn": "ADBE Vector Shape - Group",
              "hd": false
            },
            {
              "ty": "fl",
              "c": {
                "a": 0,
                "k": [
                  0.713725490196,
                  0.25575576483,
                  0.075570933024,
                  1
                ],
                "ix": 4
              },
              "o": {
                "a": 0,
                "k": 100,
                "ix": 5
              },
              "r": 1,
              "bm": 0,
              "nm": "Fill 1",
              "mn": "ADBE Vector Graphic - Fill",
              "hd": false
            },
            {
              "ty": "tr",
              "p": {
                "a": 0,
                "k": [
                  240.05,
                  240.05
                ],
                "ix": 2
              },
              "a": {
                "a": 0,
                "k": [
                  0,
                  0
                ],
                "ix": 1
              },
              "s": {
                "a": 0,
                "k": [
                  100,
                  100
                ],
                "ix": 3
              },
              "r": {
                "a": 0,
                "k": 0,
                "ix": 6
              },
              "o": {
                "a": 0,
                "k": 100,
                "ix": 7
              },
              "sk": {
                "a": 0,
                "k": 0,
                "ix": 4
              },
              "sa": {
                "a": 0,
                "k": 0,
                "ix": 5
              },
              "nm": "Transform"
            }
          ],
          "nm": "Group 6",
          "np": 2,
          "cix": 2,
          "bm": 0,
          "ix": 6,
          "mn": "ADBE Vector Group",
          "hd": false
        },
        {
          "ty": "gr",
          "it": [
            {
              "ind": 0,
              "ty": "sh",
              "ix": 1,
              "ks": {
                "a": 0,
                "k": {
                  "i": [
                    [
                      5.6,
                      0
                    ],
                    [
                      0,
                      -5.6
                    ],
                    [
                      0,
                      0
                    ],
                    [
                      -5.6,
                      0
                    ],
                    [
                      0,
                      5.6
                    ],
                    [
                      0,
                      0
                    ]
                  ],
                  "o": [
                    [
                      -5.6,
                      0
                    ],
                    [
                      0,
                      0
                    ],
                    [
                      0,
                      5.6
                    ],
                    [
                      5.6,
                      0
                    ],
                    [
                      0,
                      0
                    ],
                    [
                      0,
                      -5.6
                    ]
                  ],
                  "v": [
                    [
                      0.001,
                      -25.8
                    ],
                    [
                      -10.4,
                      -15.4
                    ],
                    [
                      -10.4,
                      15.4
                    ],
                    [
                      0.001,
                      25.801
                    ],
                    [
                      10.399,
                      15.4
                    ],
                    [
                      10.399,
                      -15.4
                    ]
                  ],
                  "c": true
                },
                "ix": 2
              },
              "nm": "Path 1",
              "mn": "ADBE Vector Shape - Group",
              "hd": false
            },
            {
              "ty": "fl",
              "c": {
                "a": 0,
                "k": [
                  0.713725490196,
                  0.25575576483,
                  0.075570933024,
                  1
                ],
                "ix": 4
              },
              "o": {
                "a": 0,
                "k": 100,
                "ix": 5
              },
              "r": 1,
              "bm": 0,
              "nm": "Fill 1",
              "mn": "ADBE Vector Graphic - Fill",
              "hd": false
            },
            {
              "ty": "tr",
              "p": {
                "a": 0,
                "k": [
                  151.449,
                  276.85
                ],
                "ix": 2
              },
              "a": {
                "a": 0,
                "k": [
                  0,
                  0
                ],
                "ix": 1
              },
              "s": {
                "a": 0,
                "k": [
                  100,
                  100
                ],
                "ix": 3
              },
              "r": {
                "a": 0,
                "k": 0,
                "ix": 6
              },
              "o": {
                "a": 0,
                "k": 100,
                "ix": 7
              },
              "sk": {
                "a": 0,
                "k": 0,
                "ix": 4
              },
              "sa": {
                "a": 0,
                "k": 0,
                "ix": 5
              },
              "nm": "Transform"
            }
          ],
          "nm": "Group 7",
          "np": 4,
          "cix": 2,
          "bm": 0,
          "ix": 7,
          "mn": "ADBE Vector Group",
          "hd": false
        },
        {
          "ty": "gr",
          "it": [
            {
              "ind": 0,
              "ty": "sh",
              "ix": 1,
              "ks": {
                "a": 0,
                "k": {
                  "i": [
                    [
                      5.6,
                      0
                    ],
                    [
                      0,
                      0
                    ],
                    [
                      0,
                      -5.6
                    ],
                    [
                      -5.6,
                      0
                    ],
                    [
                      0,
                      0
                    ],
                    [
                      0,
                      5.6
                    ]
                  ],
                  "o": [
                    [
                      0,
                      0
                    ],
                    [
                      -5.6,
                      0
                    ],
                    [
                      0,
                      5.6
                    ],
                    [
                      0,
                      0
                    ],
                    [
                      5.6,
                      0
                    ],
                    [
                      0,
                      -5.6
                    ]
                  ],
                  "v": [
                    [
                      15.4,
                      -10.4
                    ],
                    [
                      -15.4,
                      -10.4
                    ],
                    [
                      -25.8,
                      0
                    ],
                    [
                      -15.4,
                      10.4
                    ],
                    [
                      15.4,
                      10.4
                    ],
                    [
                      25.8,
                      0
                    ]
                  ],
                  "c": true
                },
                "ix": 2
              },
              "nm": "Path 1",
              "mn": "ADBE Vector Shape - Group",
              "hd": false
            },
            {
              "ty": "fl",
              "c": {
                "a": 0,
                "k": [
                  0.713725490196,
                  0.25575576483,
                  0.075570933024,
                  1
                ],
                "ix": 4
              },
              "o": {
                "a": 0,
                "k": 100,
                "ix": 5
              },
              "r": 1,
              "bm": 0,
              "nm": "Fill 1",
              "mn": "ADBE Vector Graphic - Fill",
              "hd": false
            },
            {
              "ty": "tr",
              "p": {
                "a": 0,
                "k": [
                  276.85,
                  151.45
                ],
                "ix": 2
              },
              "a": {
                "a": 0,
                "k": [
                  0,
                  0
                ],
                "ix": 1
              },
              "s": {
                "a": 0,
                "k": [
                  100,
                  100
                ],
                "ix": 3
              },
              "r": {
                "a": 0,
                "k": 0,
                "ix": 6
              },
              "o": {
                "a": 0,
                "k": 100,
                "ix": 7
              },
              "sk": {
                "a": 0,
                "k": 0,
                "ix": 4
              },
              "sa": {
                "a": 0,
                "k": 0,
                "ix": 5
              },
              "nm": "Transform"
            }
          ],
          "nm": "Group 8",
          "np": 2,
          "cix": 2,
          "bm": 0,
          "ix": 8,
          "mn": "ADBE Vector Group",
          "hd": false
        },
        {
          "ty": "gr",
          "it": [
            {
              "ind": 0,
              "ty": "sh",
              "ix": 1,
              "ks": {
                "a": 0,
                "k": {
                  "i": [
                    [
                      10,
                      -10
                    ],
                    [
                      15.2,
                      0
                    ],
                    [
                      10,
                      10
                    ],
                    [
                      0,
                      15.2
                    ],
                    [
                      -10,
                      10
                    ],
                    [
                      -15.2,
                      0
                    ],
                    [
                      -10,
                      -10
                    ],
                    [
                      0,
                      -15.2
                    ]
                  ],
                  "o": [
                    [
                      -10,
                      10
                    ],
                    [
                      -15.2,
                      0
                    ],
                    [
                      -10,
                      -10
                    ],
                    [
                      0,
                      -15.2
                    ],
                    [
                      10,
                      -10
                    ],
                    [
                      15.2,
                      0
                    ],
                    [
                      10,
                      10
                    ],
                    [
                      0,
                      15.2
                    ]
                  ],
                  "v": [
                    [
                      39.2,
                      39.2
                    ],
                    [
                      0,
                      55.2
                    ],
                    [
                      -39.2,
                      39.2
                    ],
                    [
                      -55.2,
                      0
                    ],
                    [
                      -39.2,
                      -39.2
                    ],
                    [
                      0,
                      -55.2
                    ],
                    [
                      39.2,
                      -39.2
                    ],
                    [
                      55.2,
                      0
                    ]
                  ],
                  "c": true
                },
                "ix": 2
              },
              "nm": "Path 1",
              "mn": "ADBE Vector Shape - Group",
              "hd": false
            },
            {
              "ind": 1,
              "ty": "sh",
              "ix": 2,
              "ks": {
                "a": 0,
                "k": {
                  "i": [
                    [
                      14,
                      13.6
                    ],
                    [
                      20.8,
                      0
                    ],
                    [
                      13.6,
                      -14
                    ],
                    [
                      0,
                      -20.8
                    ],
                    [
                      -13.6,
                      -13.599
                    ],
                    [
                      -20.8,
                      0
                    ],
                    [
                      -13.599,
                      14
                    ],
                    [
                      0,
                      20.8
                    ]
                  ],
                  "o": [
                    [
                      -13.599,
                      -13.6
                    ],
                    [
                      -20.8,
                      0
                    ],
                    [
                      -13.6,
                      13.6
                    ],
                    [
                      0,
                      20.8
                    ],
                    [
                      13.6,
                      13.601
                    ],
                    [
                      20.8,
                      0
                    ],
                    [
                      13.601,
                      -13.599
                    ],
                    [
                      0,
                      -20.8
                    ]
                  ],
                  "v": [
                    [
                      53.599,
                      -53.6
                    ],
                    [
                      0,
                      -76
                    ],
                    [
                      -53.6,
                      -53.6
                    ],
                    [
                      -76,
                      0
                    ],
                    [
                      -53.6,
                      53.599
                    ],
                    [
                      0,
                      76
                    ],
                    [
                      53.599,
                      53.599
                    ],
                    [
                      76,
                      0
                    ]
                  ],
                  "c": true
                },
                "ix": 2
              },
              "nm": "Path 2",
              "mn": "ADBE Vector Shape - Group",
              "hd": false
            },
            {
              "ty": "mm",
              "mm": 1,
              "nm": "Merge Paths 1",
              "mn": "ADBE Vector Filter - Merge",
              "hd": false
            },
            {
              "ty": "fl",
              "c": {
                "a": 0,
                "k": [
                  0.713725490196,
                  0.25575576483,
                  0.075570933024,
                  1
                ],
                "ix": 4
              },
              "o": {
                "a": 0,
                "k": 100,
                "ix": 5
              },
              "r": 1,
              "bm": 0,
              "nm": "Fill 1",
              "mn": "ADBE Vector Graphic - Fill",
              "hd": false
            },
            {
              "ty": "tr",
              "p": {
                "a": 0,
                "k": [
                  151.45,
                  151.45
                ],
                "ix": 2
              },
              "a": {
                "a": 0,
                "k": [
                  0,
                  0
                ],
                "ix": 1
              },
              "s": {
                "a": 0,
                "k": [
                  100,
                  100
                ],
                "ix": 3
              },
              "r": {
                "a": 0,
                "k": 0,
                "ix": 6
              },
              "o": {
                "a": 0,
                "k": 100,
                "ix": 7
              },
              "sk": {
                "a": 0,
                "k": 0,
                "ix": 4
              },
              "sa": {
                "a": 0,
                "k": 0,
                "ix": 5
              },
              "nm": "Transform"
            }
          ],
          "nm": "Group 9",
          "np": 4,
          "cix": 2,
          "bm": 0,
          "ix": 9,
          "mn": "ADBE Vector Group",
          "hd": false
        }
      ],
      "ip": 0,
      "op": 180,
      "st": 0,
      "bm": 0
    },
    {
      "ddd": 0,
      "ind": 3,
      "ty": 4,
      "nm": "Circulo",
      "sr": 1,
      "ks": {
        "o": {
          "a": 0,
          "k": 100,
          "ix": 11
        },
        "r": {
          "a": 0,
          "k": 0,
          "ix": 10
        },
        "p": {
          "a": 1,
          "k": [
            {
              "i": {
                "x": 0.667,
                "y": 1
              },
              "o": {
                "x": 0.333,
                "y": 0
              },
              "t": 14,
              "s": [
                264.415,
                227.5,
                0
              ],
              "to": [
                0,
                0,
                0
              ],
              "ti": [
                0,
                0,
                0
              ]
            },
            {
              "i": {
                "x": 0.667,
                "y": 1
              },
              "o": {
                "x": 0.333,
                "y": 0
              },
              "t": 38,
              "s": [
                167.953,
                227.5,
                0
              ],
              "to": [
                0,
                0,
                0
              ],
              "ti": [
                0,
                0,
                0
              ]
            },
            {
              "i": {
                "x": 0.667,
                "y": 0.667
              },
              "o": {
                "x": 0.333,
                "y": 0.333
              },
              "t": 44,
              "s": [
                170.023,
                227.5,
                0
              ],
              "to": [
                0,
                0,
                0
              ],
              "ti": [
                0,
                0,
                0
              ]
            },
            {
              "i": {
                "x": 0.667,
                "y": 1
              },
              "o": {
                "x": 0.333,
                "y": 0
              },
              "t": 105,
              "s": [
                170.023,
                227.5,
                0
              ],
              "to": [
                0,
                0,
                0
              ],
              "ti": [
                0,
                0,
                0
              ]
            },
            {
              "i": {
                "x": 0.667,
                "y": 1
              },
              "o": {
                "x": 0.333,
                "y": 0
              },
              "t": 129,
              "s": [
                266.554,
                227.5,
                0
              ],
              "to": [
                0,
                0,
                0
              ],
              "ti": [
                0,
                0,
                0
              ]
            },
            {
              "t": 135,
              "s": [
                264.415,
                227.5,
                0
              ]
            }
          ],
          "ix": 2
        },
        "a": {
          "a": 0,
          "k": [
            0,
            0,
            0
          ],
          "ix": 1
        },
        "s": {
          "a": 0,
          "k": [
            59.56,
            59.56,
            100
          ],
          "ix": 6
        }
      },
      "ao": 0,
      "shapes": [
        {
          "ty": "gr",
          "it": [
            {
              "ty": "rc",
              "d": 1,
              "s": {
                "a": 0,
                "k": [
                  213.349,
                  213.349
                ],
                "ix": 2
              },
              "p": {
                "a": 0,
                "k": [
                  0,
                  0
                ],
                "ix": 3
              },
              "r": {
                "a": 0,
                "k": 105,
                "ix": 4
              },
              "nm": "Rectangle Path 1",
              "mn": "ADBE Vector Shape - Rect",
              "hd": false
            },
            {
              "ty": "fl",
              "c": {
                "a": 0,
                "k": [
                  1,
                  1,
                  1,
                  1
                ],
                "ix": 4
              },
              "o": {
                "a": 0,
                "k": 100,
                "ix": 5
              },
              "r": 1,
              "bm": 0,
              "nm": "Fill 1",
              "mn": "ADBE Vector Graphic - Fill",
              "hd": false
            },
            {
              "ty": "tr",
              "p": {
                "a": 0,
                "k": [
                  0,
                  0
                ],
                "ix": 2
              },
              "a": {
                "a": 0,
                "k": [
                  0,
                  0
                ],
                "ix": 1
              },
              "s": {
                "a": 0,
                "k": [
                  100,
                  100
                ],
                "ix": 3
              },
              "r": {
                "a": 0,
                "k": 0,
                "ix": 6
              },
              "o": {
                "a": 0,
                "k": 100,
                "ix": 7
              },
              "sk": {
                "a": 0,
                "k": 0,
                "ix": 4
              },
              "sa": {
                "a": 0,
                "k": 0,
                "ix": 5
              },
              "nm": "Transform"
            }
          ],
          "nm": "Group 1",
          "np": 2,
          "cix": 2,
          "bm": 0,
          "ix": 1,
          "mn": "ADBE Vector Group",
          "hd": false
        }
      ],
      "ip": 0,
      "op": 180,
      "st": 0,
      "bm": 0
    },
    {
      "ddd": 0,
      "ind": 4,
      "ty": 4,
      "nm": "Shape",
      "sr": 1,
      "ks": {
        "o": {
          "a": 0,
          "k": 100,
          "ix": 11
        },
        "r": {
          "a": 0,
          "k": 0,
          "ix": 10
        },
        "p": {
          "a": 0,
          "k": [
            216.758,
            227.5,
            0
          ],
          "ix": 2
        },
        "a": {
          "a": 0,
          "k": [
            -23.568,
            -0.775,
            0
          ],
          "ix": 1
        },
        "s": {
          "a": 0,
          "k": [
            69,
            69,
            100
          ],
          "ix": 6
        }
      },
      "ao": 0,
      "shapes": [
        {
          "ty": "gr",
          "it": [
            {
              "ty": "rc",
              "d": 1,
              "s": {
                "a": 0,
                "k": [
                  353.863,
                  216.449
                ],
                "ix": 2
              },
              "p": {
                "a": 0,
                "k": [
                  0,
                  0
                ],
                "ix": 3
              },
              "r": {
                "a": 0,
                "k": 107,
                "ix": 4
              },
              "nm": "Rectangle Path 1",
              "mn": "ADBE Vector Shape - Rect",
              "hd": false
            },
            {
              "ty": "gf",
              "o": {
                "a": 0,
                "k": 100,
                "ix": 10
              },
              "r": 1,
              "bm": 0,
              "g": {
                "p": 3,
                "k": {
                  "a": 1,
                  "k": [
                    {
                      "i": {
                        "x": 0.667,
                        "y": 1
                      },
                      "o": {
                        "x": 0.167,
                        "y": 0
                      },
                      "t": 14,
                      "s": [
                        0,
                        0.908,
                        0.988,
                        0.229,
                        0.373,
                        0.952,
                        0.508,
                        0.276,
                        0.714,
                        0.996,
                        0.027,
                        0.324
                      ]
                    },
                    {
                      "i": {
                        "x": 0.667,
                        "y": 1
                      },
                      "o": {
                        "x": 0.333,
                        "y": 0
                      },
                      "t": 38,
                      "s": [
                        0,
                        0.209,
                        0.036,
                        0.22,
                        0.518,
                        0.178,
                        0.06,
                        0.376,
                        0.881,
                        0.147,
                        0.084,
                        0.533
                      ]
                    },
                    {
                      "i": {
                        "x": 0.667,
                        "y": 1
                      },
                      "o": {
                        "x": 0.333,
                        "y": 0
                      },
                      "t": 105,
                      "s": [
                        0,
                        0.209,
                        0.036,
                        0.22,
                        0.518,
                        0.178,
                        0.06,
                        0.376,
                        0.881,
                        0.147,
                        0.084,
                        0.533
                      ]
                    },
                    {
                      "t": 135,
                      "s": [
                        0,
                        0.908,
                        0.988,
                        0.229,
                        0.373,
                        0.952,
                        0.508,
                        0.276,
                        0.714,
                        0.996,
                        0.027,
                        0.324
                      ]
                    }
                  ],
                  "ix": 9
                }
              },
              "s": {
                "a": 0,
                "k": [
                  -78.261,
                  -118.667
                ],
                "ix": 5
              },
              "e": {
                "a": 0,
                "k": [
                  30.986,
                  110.493
                ],
                "ix": 6
              },
              "t": 1,
              "nm": "Gradient Fill 1",
              "mn": "ADBE Vector Graphic - G-Fill",
              "hd": false
            },
            {
              "ty": "tr",
              "p": {
                "a": 0,
                "k": [
                  -23.568,
                  -0.775
                ],
                "ix": 2
              },
              "a": {
                "a": 0,
                "k": [
                  0,
                  0
                ],
                "ix": 1
              },
              "s": {
                "a": 0,
                "k": [
                  100,
                  100
                ],
                "ix": 3
              },
              "r": {
                "a": 0,
                "k": 0,
                "ix": 6
              },
              "o": {
                "a": 0,
                "k": 100,
                "ix": 7
              },
              "sk": {
                "a": 0,
                "k": 0,
                "ix": 4
              },
              "sa": {
                "a": 0,
                "k": 0,
                "ix": 5
              },
              "nm": "Transform"
            }
          ],
          "nm": "Rectangle 1",
          "np": 3,
          "cix": 2,
          "bm": 0,
          "ix": 1,
          "mn": "ADBE Vector Group",
          "hd": false
        }
      ],
      "ip": 0,
      "op": 180,
      "st": 0,
      "bm": 0
    }
  ],
  "markers": []
}